<?xml version="1.0" encoding="UTF-8"?>	<widget xmlns = "http://www.w3.org/ns/widgets"		xmlns:gap = "http://phonegap.com/ns/1.0"		id        = "phpymas.com.dietario"		versionCode=""		version   = "1.0">		<name>dietario</name>		<description>Crea tus dietas		</description>		<author href="cv.phpymas.com" email="adriswbm@gmail.com">Adrian MF		</author>		<preference name="phonegap-version" value="2.9.0" />		<preference name="orientation" value="default" />		<preference name="target-device" value="universal" />		<preference name="fullscreen" value="true" />		<preference name="webviewbounce" value="true" />		<preference name="prerendered-icon" value="true" />		<preference name="stay-in-webview" value="true" />		<preference name="ios-statusbarstyle" value="default" />		<preference name="detect-data-types" value="true" />		<preference name="exit-on-suspend" value="true" />		<preference name="show-splash-screen-spinner" value="true" />		<preference name="auto-hide-splash-screen" value="true" />		<preference name="disable-cursor" value="true" />		<preference name="android-minSdkVersion" value="7" />		<preference name="android-installLocation" value="internalOnly" />		<preference name="splash-screen-duration" value="5000" />		<preference name="load-url-timeout" value="20000" />		<preference name="KeepRunning" value="true"/>		<preference name="DisallowOverscroll" value="false"/>		<gap:platform name="android" />		<gap:platform name="winphone" />		<gap:plugin name="org.apache.cordova.media-capture"  />		<gap:plugin name="org.apache.cordova.camera"  />		<gap:plugin name="org.apache.cordova.geolocation"  />		<gap:plugin name="org.apache.cordova.device"  />		<gap:plugin name="org.apache.cordova.device-motion"  />		<gap:plugin name="org.apache.cordova.network-information"  />		<gap:plugin name="org.apache.cordova.contacts"  />		<gap:plugin name="org.apache.cordova.dialogs"  />		<gap:plugin name="org.apache.cordova.globalization"  />		<gap:plugin name="org.apache.cordova.console"  />		<gap:plugin name="org.apache.cordova.audiohandler"  />		<gap:plugin name="org.apache.cordova.battery-status"  />		<gap:plugin name="org.apache.cordova.file"  />		<gap:plugin name="org.apache.cordova.device-orientation"  />		<gap:plugin name="org.apache.cordova.file-transfer"  />		<gap:plugin name="org.apache.cordova.splashscreen"  />		<gap:plugin name="org.apache.cordova.vibration"  />		<gap:plugin name="org.apache.cordova.inappbrowser"  />		<icon src="assets/img/icono36.png" gap:platform="android" gap:density="ldpi" />		<icon src="assets/img/icono48.png" gap:platform="android" gap:density="mdpi" />		<icon src="assets/img/icono72.png" gap:platform="android" gap:density="hdpi" />		<icon src="assets/img/icono72.png" gap:platform="android" gap:density="xhdpi" />		<icon src="assets/img/icono144.png" gap:platform="android" gap:density="xxhdpi" />		<gap:splash src="assets/img/icono144.png" gap:platform="android" gap:density="xxhdpi" />		<gap:splash src="splash.png" />	</widget>